,0,1,2,3,4,5
0,1642326300000,43125.49,43125.5,43116.98,43116.98,33474.18210233
1,1642326360000,43111.23,43116.78,43098.59,43101.85,19331.12425796
2,1642326420000,43101.86,43103.99,43098.59,43101.84,8383.4969523775
3,1642326480000,43101.85,43101.85,43100.14,43100.14,758.586709
4,1642326540000,43099.98,43103.99,43099.98,43103.99,3232.638632
5,1642326600000,43103.99,43103.99,43094.68,43094.68,6932.16170114
6,1642326660000,43098.69,43098.69,43064.6,43068.35,34087.4842842274
7,1642326720000,43065.62,43068.36,43051.4,43051.4,22464.824236
8,1642326780000,43051.4,43095.89,43051.4,43095.89,32418.00028846
9,1642326840000,43099.43,43103.99,43082.19,43096.63,9050.8948154759
10,1642326900000,43099.99,43099.99,43081.25,43081.25,42163.857364
11,1642326960000,43086.74,43086.74,43064.61,43064.61,51.699662
12,1642327020000,43064.61,43078.63,43064.61,43070.16,8876.7871946
13,1642327080000,43070.16,43070.16,43070.15,43070.15,380.884067301
14,1642327140000,43068.13,43079.99,43058.6,43075.07,30470.755341375
15,1642327200000,43080.0,43118.59,43079.99,43118.59,11449.23426919
16,1642327260000,43118.58,43120.15,43084.36,43084.36,28464.068958
17,1642327320000,43081.96,43113.37,43080.38,43113.37,12499.92343987025
18,1642327380000,43109.77,43109.77,43100.55,43109.76,41930.695752
19,1642327440000,43112.78,43135.08,43108.57,43135.08,40049.192469
20,1642327500000,43139.23,43165.98,43135.59,43156.02,30033.0276472
21,1642327560000,43156.02,43169.71,43156.02,43169.71,7239.18139
22,1642327620000,43176.12,43186.81,43170.61,43186.8,24941.10205288
23,1642327680000,43186.8,43189.79,43181.11,43189.75,21826.365005
24,1642327740000,43184.06,43184.06,43171.68,43171.69,9592.969857884
25,1642327800000,43171.68,43171.68,43168.63,43168.64,7109.1937275039
26,1642327860000,43170.0,43178.97,43170.0,43170.0,7149.060438176
27,1642327920000,43168.63,43172.68,43153.5,43169.56,3637.609136
28,1642327980000,43167.81,43167.82,43164.54,43167.82,1493.495332
29,1642328040000,43167.81,43167.81,43152.05,43154.26,13206.35734539875
30,1642328100000,43157.7,43169.99,43157.7,43169.99,2395.850889
31,1642328160000,43164.71,43170.0,43163.78,43170.0,12410.4933819
32,1642328220000,43170.0,43179.62,43157.22,43179.62,24519.999768
33,1642328280000,43185.35,43185.35,43178.1,43180.28,20638.4036409625
34,1642328340000,43182.91,43189.53,43182.16,43182.16,28526.672383
35,1642328400000,43182.17,43182.17,43157.34,43157.57,33456.454021
36,1642328460000,43156.04,43168.21,43151.15,43151.15,19359.615943
37,1642328520000,43156.04,43178.27,43153.84,43159.66,36216.20962993215
38,1642328580000,43173.75,43175.67,43155.61,43175.67,10397.06011475
39,1642328640000,43176.29,43184.89,43164.71,43181.86,36835.168089
40,1642328700000,43176.3,43185.53,43167.16,43185.53,7937.41578096
41,1642328760000,43185.52,43185.52,43170.72,43174.22,1693.90952488055
42,1642328820000,43171.69,43182.63,43171.69,43178.9,4093.6412582306
43,1642328880000,43182.62,43185.52,43181.18,43181.45,2064.253458
44,1642328940000,43181.44,43181.45,43175.65,43179.18,15056.065694
45,1642329000000,43181.22,43181.22,43125.78,43141.1,77120.6857001075
46,1642329060000,43136.37,43145.63,43129.18,43145.63,19058.99881
47,1642329120000,43141.11,43141.11,43118.84,43118.84,21083.469026
48,1642329180000,43118.93,43122.18,43102.18,43102.18,2013.604518
49,1642329240000,43112.45,43112.45,43103.28,43103.28,11518.791091
50,1642329300000,43105.61,43105.62,43093.12,43099.98,16419.8454631583
51,1642329360000,43102.95,43112.88,43100.8,43112.87,23473.4493032
52,1642329420000,43112.87,43119.11,43109.2,43118.59,23373.5869829
53,1642329480000,43118.6,43119.09,43116.64,43118.13,13162.7172002
54,1642329540000,43119.09,43139.46,43119.09,43134.51,38527.9965706448
55,1642329600000,43137.6,43152.04,43136.88,43149.21,16986.78349418
56,1642329660000,43149.21,43152.02,43138.26,43138.26,4202.538745
57,1642329720000,43133.08,43143.39,43130.82,43135.99,34022.49837497
58,1642329780000,43135.99,43136.0,43115.01,43119.07,15147.7198653714
59,1642329840000,43119.07,43122.46,43108.12,43111.63,26365.694388261
60,1642329900000,43111.64,43111.64,43086.36,43086.36,18331.452123
61,1642329960000,43084.21,43084.39,43072.92,43074.07,27065.185546
62,1642330020000,43076.13,43079.52,43073.95,43074.62,2353.1909437589
63,1642330080000,43073.07,43074.62,43070.33,43072.39,24016.60223942
64,1642330140000,43070.22,43079.52,43053.09,43076.63,22608.8607815
65,1642330200000,43076.63,43090.48,43076.63,43090.48,121602.746193
66,1642330260000,43090.47,43091.63,43078.24,43090.87,20092.160261
67,1642330320000,43090.49,43090.49,43075.01,43077.16,7652.747824523
68,1642330380000,43079.15,43079.15,43052.9,43059.22,12449.323969
69,1642330440000,43056.58,43056.58,43028.83,43028.83,15044.472917
70,1642330500000,43024.58,43043.21,42991.55,42992.99,30237.828233
71,1642330560000,42996.23,43006.45,42983.07,43002.92,9133.08988463805
72,1642330620000,43004.19,43007.36,42979.94,42979.95,13703.828715
73,1642330680000,42979.96,42981.44,42947.25,42956.97,59089.092613
74,1642330740000,42952.73,42952.74,42888.53,42914.48,208877.6660335346
75,1642330800000,42914.48,42914.48,42861.49,42861.91,163556.32521950235
76,1642330860000,42861.48,42863.05,42762.35,42815.83,191956.4332861733
77,1642330920000,42813.33,42884.53,42800.92,42884.53,56665.51565532
78,1642330980000,42896.88,42897.05,42877.04,42891.13,166367.46244412
79,1642331040000,42904.28,42918.38,42904.28,42918.38,22909.8101845
80,1642331100000,42912.37,42912.37,42851.43,42851.43,58668.137697
81,1642331160000,42850.0,42857.59,42820.5,42857.59,50262.160616
82,1642331220000,42870.28,42888.96,42864.3,42871.74,31048.184152
83,1642331280000,42863.83,42894.7,42863.83,42881.15,3485.5829
84,1642331340000,42882.96,42900.0,42882.96,42900.0,1209.89209835
85,1642331400000,42900.0,42900.0,42830.45,42852.99,70750.33105528985
86,1642331460000,42852.26,42852.26,42836.85,42838.73,17514.958312
87,1642331520000,42836.97,42875.38,42811.71,42862.3,113066.590101581
88,1642331580000,42859.12,42874.35,42851.84,42855.87,39280.613803
89,1642331640000,42855.86,42865.96,42849.94,42849.95,10095.19483445
90,1642331700000,42845.85,42862.78,42845.8,42852.8,8936.8110389224
91,1642331760000,42854.23,42861.69,42837.42,42841.96,15183.053394
92,1642331820000,42827.48,42827.48,42803.29,42808.64,70936.4573618808
93,1642331880000,42808.63,42846.63,42799.48,42846.62,75907.148177
94,1642331940000,42842.92,42891.15,42841.4,42891.15,59842.694922
95,1642332000000,42891.15,42891.15,42869.1,42883.93,70420.783542267
96,1642332060000,42897.24,42954.52,42897.24,42947.62,32687.6485371
97,1642332120000,42947.62,42952.59,42947.61,42947.61,16393.08838539
98,1642332180000,42947.61,42986.23,42947.61,42966.09,42829.314430612
99,1642332240000,42966.69,42989.86,42966.69,42985.48,82972.7555555919
100,1642332300000,42985.48,42985.48,42960.46,42960.46,5052.896164
101,1642332360000,42960.44,42977.91,42954.87,42977.91,790.559978
102,1642332420000,42976.5,42979.51,42963.52,42963.52,2904.949321
103,1642332480000,42967.3,42967.3,42934.58,42950.03,3178.311577
104,1642332540000,42961.78,42981.49,42961.78,42978.1,2618.8428172295
105,1642332600000,42974.87,42989.56,42952.5,42952.5,17841.16081696
106,1642332660000,42947.1,42957.1,42930.2,42933.97,39417.8160803
107,1642332720000,42933.97,42962.87,42933.97,42962.87,105496.424425
108,1642332780000,42959.55,42969.02,42959.55,42969.02,1560.5413634808
109,1642332840000,42975.21,42984.92,42975.21,42984.92,48164.905857
110,1642332900000,42982.38,42987.36,42971.58,42986.41,2987.13158748
111,1642332960000,42986.42,42999.99,42972.4,42973.21,63044.141583025
112,1642333020000,42971.77,42971.77,42964.69,42964.69,1072.67828754
113,1642333080000,42964.69,42968.08,42964.69,42968.08,5128.60339647935
114,1642333140000,42970.72,42977.79,42970.72,42977.79,15697.27603188
115,1642333200000,42979.28,42984.5,42968.26,42968.68,11286.07491552
116,1642333260000,42968.68,42986.41,42968.67,42986.41,9974.4892368
117,1642333320000,42994.06,43030.95,42994.06,43030.95,13671.86977621685
118,1642333380000,43031.92,43035.68,43018.99,43031.93,4491.798515
119,1642333440000,43031.93,43035.64,43007.97,43007.97,42657.37868409
120,1642333500000,43004.06,43036.73,43004.06,43023.23,33722.97701568
121,1642333560000,43021.37,43028.19,43007.42,43007.42,15140.645272
122,1642333620000,43001.0,43001.0,42966.53,42973.61,24455.155908704
123,1642333680000,42976.97,42988.98,42976.96,42979.93,6232.10263404
124,1642333740000,42977.72,42977.72,42966.52,42966.52,20275.452523
125,1642333800000,42966.52,42969.59,42923.76,42969.59,184829.57918105775
126,1642333860000,42969.88,43016.56,42968.16,43016.56,61094.10092116
127,1642333920000,43016.57,43026.44,43008.43,43012.79,34433.71452
128,1642333980000,43017.88,43026.53,43012.11,43012.12,12122.317045
129,1642334040000,43017.04,43023.82,43017.04,43019.77,6831.624755
130,1642334100000,43019.78,43019.78,43002.43,43018.8,13923.4645232023
131,1642334160000,43018.81,43021.98,42986.37,42986.37,10058.963519
132,1642334220000,42984.22,42993.41,42984.22,42984.45,7613.376896
133,1642334280000,42981.42,42988.0,42969.31,42988.0,16454.3316145
134,1642334340000,42988.0,42990.48,42975.81,42978.54,6608.684174031
135,1642334400000,42978.01,43009.77,42975.11,42975.11,56647.88935586203
136,1642334460000,42979.02,42990.59,42971.93,42986.0,59808.622944
137,1642334520000,42989.07,43005.91,42989.07,42993.11,20211.090894
138,1642334580000,42993.11,43001.29,42985.78,42998.87,14562.971203
139,1642334640000,42998.87,42998.87,42991.23,42994.47,1079.159127
140,1642334700000,42994.47,43018.81,42991.56,42991.56,21982.44106693
141,1642334760000,42989.15,42989.94,42969.71,42989.94,13567.59899
142,1642334820000,42977.24,42996.65,42975.46,42996.65,44026.06046249655
143,1642334880000,42999.14,43007.77,42999.14,43007.77,4802.2435122
144,1642334940000,43009.69,43052.62,43009.69,43042.39,46903.89395625
145,1642335000000,43041.64,43042.65,43029.31,43032.91,20477.818147545
146,1642335060000,43032.92,43034.91,43031.19,43031.19,11056.6997670364
147,1642335120000,43031.19,43049.17,43031.19,43049.17,8250.5237475
148,1642335180000,43051.29,43064.76,43051.28,43056.52,11548.3364404
149,1642335240000,43060.93,43092.08,43056.53,43092.08,24505.15111796
150,1642335300000,43093.76,43121.44,43073.42,43121.44,64502.7655769268
151,1642335360000,43121.45,43140.78,43114.91,43126.34,71357.977733
152,1642335420000,43125.24,43130.48,43107.6,43121.68,27010.676674
153,1642335480000,43121.68,43130.54,43114.42,43128.01,28723.289161
154,1642335540000,43132.15,43132.15,43112.01,43112.01,24070.4817194372
155,1642335600000,43112.01,43119.5,43076.26,43114.67,156024.26788266
156,1642335660000,43112.34,43113.69,43091.97,43095.62,22055.823464
157,1642335720000,43090.89,43093.13,43087.79,43091.72,5803.79457176
158,1642335780000,43087.92,43089.36,43065.48,43089.35,12767.774197
159,1642335840000,43089.35,43092.87,43077.84,43086.15,32373.015843971
160,1642335900000,43084.37,43085.42,43077.5,43085.42,4463.214539
161,1642335960000,43086.24,43086.24,43052.93,43052.93,59117.655103
162,1642336020000,43052.93,43056.94,43050.66,43053.07,5866.14454497
163,1642336080000,43057.21,43101.85,43053.78,43097.56,13227.2313981576
164,1642336140000,43097.55,43100.3,43078.25,43082.78,8592.71251865
165,1642336200000,43084.14,43087.11,43075.87,43082.35,97130.9649822
166,1642336260000,43085.86,43095.08,43085.86,43087.91,17063.644467
167,1642336320000,43087.62,43087.62,43062.09,43062.28,22369.005382
168,1642336380000,43064.61,43064.61,43054.74,43056.82,16413.66832167
169,1642336440000,43054.49,43064.75,43053.22,43062.66,10606.75164628
170,1642336500000,43062.67,43062.67,43040.51,43044.69,20306.907121
171,1642336560000,43046.06,43046.06,43042.44,43042.44,6870.6706949959
172,1642336620000,43044.31,43053.38,43037.66,43053.38,35068.3078176
173,1642336680000,43051.3,43051.3,43022.05,43022.05,30038.888126
174,1642336740000,43022.05,43022.05,42998.86,43001.39,18681.2247
175,1642336800000,43005.25,43005.25,42986.16,42995.74,13752.0987862134
176,1642336860000,42991.99,43007.26,42984.94,43007.26,13400.32058768
177,1642336920000,43016.74,43016.74,42990.01,42990.02,21183.689976
178,1642336980000,42990.0,43014.53,42978.25,43012.55,24951.01860322
179,1642337040000,43016.74,43033.65,43013.95,43031.71,16627.324169
180,1642337100000,43031.71,43047.4,43022.48,43047.4,24863.75157327595
181,1642337160000,43049.39,43056.29,43046.4,43056.28,6174.087148
182,1642337220000,43056.29,43064.85,43056.29,43056.57,2687.235004
183,1642337280000,43058.44,43071.7,43058.29,43068.97,21767.3762023079
184,1642337340000,43068.97,43111.33,43068.97,43111.33,15657.817866
185,1642337400000,43112.64,43115.0,43103.54,43103.54,4401.927097
186,1642337460000,43109.53,43137.94,43109.53,43126.6,46902.42091688
187,1642337520000,43126.61,43131.23,43116.96,43120.97,4369.6908987176
188,1642337580000,43126.68,43133.51,43123.64,43126.34,21998.4849165067
189,1642337640000,43122.72,43122.72,43102.87,43111.2,14904.133953
190,1642337700000,43111.21,43120.86,43094.14,43109.66,7837.441566
191,1642337760000,43107.47,43109.66,43063.28,43066.61,51845.769055
192,1642337820000,43066.6,43066.6,43032.65,43037.49,48431.258931509
193,1642337880000,43037.49,43053.48,43030.76,43030.76,4466.30702
194,1642337940000,43030.77,43038.37,43007.29,43007.29,13695.489942495
195,1642338000000,43005.73,43005.73,42985.51,42996.37,21754.173359621705
196,1642338060000,42994.12,43026.54,42994.12,42994.53,55326.294767
197,1642338120000,42994.53,43007.02,42980.75,42981.89,27629.75053208
198,1642338180000,42980.34,42994.15,42974.76,42986.89,13857.18820972
199,1642338240000,42992.22,42992.22,42987.06,42987.06,8697.252141
200,1642338300000,42982.05,42987.21,42982.05,42985.0,6207.088374
201,1642338360000,42985.2,42985.2,42973.31,42977.73,11413.24261276
202,1642338420000,42975.43,42979.04,42925.79,42925.79,40314.411493
203,1642338480000,42925.78,42955.69,42897.78,42948.98,11242.34542588
204,1642338540000,42939.34,42957.06,42939.34,42951.46,232250.84928988
205,1642338600000,42958.54,42961.2,42911.24,42931.52,12613.987825
206,1642338660000,42918.83,42936.64,42918.83,42921.52,20645.09708437
207,1642338720000,42931.38,42948.9,42925.86,42939.85,8077.9865061607
208,1642338780000,42948.88,42994.2,42943.03,42982.35,10482.4033415
209,1642338840000,42999.99,43007.03,42970.93,42990.21,125364.62752484415
210,1642338900000,42972.56,42972.57,42916.86,42916.86,32441.297309
211,1642338960000,42919.77,42919.99,42912.95,42915.62,2227.341901
212,1642339020000,42913.07,42913.07,42873.25,42891.3,58442.516433
213,1642339080000,42887.19,42915.75,42879.41,42888.21,20277.10093036955
214,1642339140000,42895.03,42895.04,42868.42,42879.45,67438.26546119
215,1642339200000,42877.46,42885.54,42835.37,42835.37,32247.150364
216,1642339260000,42831.5,42853.7,42825.67,42853.7,74483.28726572
217,1642339320000,42865.03,42899.28,42865.03,42899.27,31836.0602279875
218,1642339380000,42896.23,42923.86,42888.21,42923.86,33328.066876
219,1642339440000,42920.05,42920.05,42836.0,42862.03,37288.236455
220,1642339500000,42862.03,42862.03,42666.0,42686.84,474960.9578421554
221,1642339560000,42697.85,42703.05,42600.0,42667.54,708472.6475387512
222,1642339620000,42667.54,42720.0,42637.51,42677.6,183501.536694
223,1642339680000,42689.72,42708.61,42637.94,42650.01,159608.07998261
224,1642339740000,42663.33,42663.33,42578.44,42608.54,302905.4259970226
225,1642339800000,42601.43,42709.19,42594.54,42709.19,404875.850784
226,1642339860000,42702.2,42775.84,42691.61,42775.41,124222.5473013604
227,1642339920000,42769.4,42822.02,42738.36,42770.68,211863.2560904
228,1642339980000,42777.6,42798.06,42723.73,42769.87,53932.70198
229,1642340040000,42760.15,42800.8,42759.2,42781.19,67772.752212
230,1642340100000,42772.11,42806.42,42753.9,42754.33,63251.7592983373
231,1642340160000,42762.98,42762.98,42727.81,42736.94,18416.23779467
232,1642340220000,42736.94,42753.89,42705.12,42753.89,42490.08209403
233,1642340280000,42753.9,42788.19,42753.9,42788.19,9510.55149864
234,1642340340000,42788.2,42819.12,42776.33,42805.42,8538.691859
235,1642340400000,42807.35,42807.35,42768.61,42783.87,4497.28926854015
236,1642340460000,42783.87,42837.19,42783.87,42813.61,44066.3508531
237,1642340520000,42821.67,42893.3,42817.24,42877.06,44261.396123
238,1642340580000,42884.36,42912.72,42869.64,42906.9,25826.5506652
239,1642340640000,42912.73,42997.77,42912.73,42978.68,48097.138038264
240,1642340700000,42979.84,42992.42,42948.0,42953.68,103050.06496225196
241,1642340760000,42967.84,42967.84,42888.99,42903.31,54377.924984
242,1642340820000,42903.31,42917.93,42886.46,42917.93,24099.76679
243,1642340880000,42921.16,42921.16,42873.24,42874.04,69257.914003
244,1642340940000,42879.83,42897.69,42879.83,42891.6,11376.5951335494
245,1642341000000,42886.36,42922.21,42886.36,42908.8,12669.59374116
246,1642341060000,42915.77,42963.22,42915.77,42957.16,4815.872387168
247,1642341120000,42957.16,42969.61,42957.15,42967.98,42771.431072
248,1642341180000,42967.98,42971.92,42956.8,42964.21,26803.102213771
249,1642341240000,42970.94,42993.37,42965.22,42993.36,14611.746852
250,1642341300000,42999.87,43035.4,42999.87,43028.62,43132.58794984
251,1642341360000,43038.32,43104.79,43038.32,43061.44,44200.31552684
252,1642341420000,43061.43,43115.82,43061.43,43110.13,22668.8247679518
253,1642341480000,43111.03,43188.95,43111.03,43175.0,45340.75459365065
254,1642341540000,43168.16,43168.16,43136.95,43140.97,97126.068894555
255,1642341600000,43130.95,43234.5,43128.59,43207.67,216694.81483603973
256,1642341660000,43203.58,43250.0,43203.58,43250.0,176282.9638614
257,1642341720000,43249.99,43249.99,43216.47,43233.23,70268.897054
258,1642341780000,43239.13,43239.13,43191.67,43207.44,4986.184124
259,1642341840000,43206.42,43206.42,43165.07,43175.56,32011.95218501
260,1642341900000,43180.43,43210.78,43180.43,43210.78,100149.19450827
261,1642341960000,43225.29,43249.99,43225.29,43246.77,19651.38825
262,1642342020000,43242.4,43375.09,43240.93,43304.11,233048.1482939696
263,1642342080000,43301.74,43315.13,43260.36,43265.19,221018.0806121
264,1642342140000,43261.19,43265.56,43227.45,43231.88,119611.40277061
265,1642342200000,43237.5,43268.87,43187.34,43187.34,89127.85015853876
266,1642342260000,43183.93,43187.47,43150.24,43168.34,209706.661742
267,1642342320000,43167.02,43213.71,43167.02,43213.71,22546.8465203
268,1642342380000,43204.08,43213.68,43190.08,43200.66,7669.57601185
269,1642342440000,43203.32,43207.26,43135.09,43135.09,13293.89093
270,1642342500000,43137.87,43184.8,43135.41,43179.74,22247.44118475445
271,1642342560000,43179.74,43179.96,43151.57,43151.59,6190.831861
272,1642342620000,43140.67,43140.67,43077.88,43111.11,16583.317251
273,1642342680000,43109.46,43125.21,43076.06,43079.17,68538.505046
274,1642342740000,43079.18,43084.82,43043.66,43066.28,49508.205147
275,1642342800000,43070.8,43124.21,43068.76,43111.84,16679.33268339
276,1642342860000,43115.01,43174.19,43111.84,43169.92,8624.7356586
277,1642342920000,43169.9,43198.68,43122.45,43125.23,55512.431422
278,1642342980000,43126.41,43136.36,43125.51,43126.34,1778.93504296935
279,1642343040000,43126.34,43126.34,43092.96,43114.86,7541.9271498
280,1642343100000,43110.2,43148.56,43105.36,43145.22,7581.9281413104
281,1642343160000,43145.22,43178.02,43145.21,43178.02,15609.73144142
282,1642343220000,43191.81,43237.11,43191.8,43237.1,2513.3186728663
283,1642343280000,43237.11,43248.93,43205.32,43239.88,21973.43594551675
284,1642343340000,43215.25,43264.21,43197.8,43264.21,55645.339191
285,1642343400000,43254.91,43277.57,43225.36,43225.37,20502.960470152
286,1642343460000,43231.36,43277.44,43231.36,43277.43,43121.68917342
287,1642343520000,43277.43,43301.08,43263.26,43297.84,95193.7157183922
288,1642343580000,43297.08,43353.92,43245.64,43332.24,170379.0839424
289,1642343640000,43324.55,43388.51,43309.24,43352.21,228428.63930863
290,1642343700000,43358.9,43386.19,43357.38,43384.7,86269.83510374
291,1642343760000,43368.77,43389.99,43368.05,43378.42,58808.5590398504
292,1642343820000,43380.87,43380.87,43312.29,43379.06,40752.9931678
293,1642343880000,43373.8,43389.99,43354.9,43383.97,6513.66543
294,1642343940000,43379.83,43431.7,43379.83,43389.8,149660.3383439162
295,1642344000000,43386.72,43386.72,43342.06,43345.17,102108.8577049617
296,1642344060000,43344.83,43344.83,43300.72,43307.43,13347.643761
297,1642344120000,43297.3,43318.9,43282.68,43315.94,18479.150679
298,1642344180000,43317.52,43317.52,43287.26,43287.26,511.048844
299,1642344240000,43270.55,43317.51,43270.55,43284.08,8762.35034092
300,1642344300000,43278.14,43317.51,43278.14,43298.09,10197.07678236
301,1642344360000,43282.37,43283.81,43268.16,43278.4,2432.124558
302,1642344420000,43285.25,43315.9,43285.25,43315.9,4328.43730645
303,1642344480000,43315.92,43333.92,43268.24,43268.24,161760.05232407
304,1642344540000,43265.76,43273.44,43252.21,43260.54,17054.9034045196
305,1642344600000,43258.99,43286.19,43258.99,43279.91,27667.84708511
306,1642344660000,43282.78,43286.22,43266.74,43266.74,3496.778755
307,1642344720000,43270.55,43283.99,43254.01,43279.03,47361.67936097
308,1642344780000,43279.04,43288.89,43265.98,43265.98,24012.64727624
309,1642344840000,43263.6,43263.6,43244.92,43262.47,6944.5705823
310,1642344900000,43262.48,43285.95,43257.62,43281.25,33538.18621145
311,1642344960000,43272.56,43285.94,43272.55,43285.94,11422.66344092
312,1642345020000,43276.85,43319.84,43276.85,43319.84,5979.7862263517
313,1642345080000,43325.98,43325.98,43289.2,43293.95,24919.640437
314,1642345140000,43297.2,43306.39,43289.2,43303.87,40194.314694755
315,1642345200000,43303.87,43325.98,43271.16,43271.16,28584.324604654823
316,1642345260000,43259.14,43259.14,43196.92,43196.92,70760.582122
317,1642345320000,43202.0,43219.94,43186.26,43190.65,43644.56280243875
318,1642345380000,43194.12,43227.74,43194.12,43201.91,23654.7526239
319,1642345440000,43201.9,43218.91,43201.9,43216.97,21528.903503
320,1642345500000,43218.98,43233.49,43218.98,43233.49,5406.1942042
321,1642345560000,43233.49,43248.03,43231.83,43233.81,28294.426707
322,1642345620000,43239.95,43239.96,43211.48,43211.48,11594.368538
323,1642345680000,43216.11,43251.29,43214.49,43248.63,6523.03265
324,1642345740000,43248.64,43248.64,43225.3,43225.3,54452.382425
325,1642345800000,43226.31,43236.02,43206.25,43236.02,47159.238630972
326,1642345860000,43236.01,43251.3,43223.96,43245.69,31296.7473393455
327,1642345920000,43242.36,43242.36,43211.81,43233.32,26570.154091
328,1642345980000,43233.33,43242.2,43217.87,43217.87,31253.852268684
329,1642346040000,43223.42,43236.05,43217.76,43236.05,16640.889734
330,1642346100000,43236.05,43236.09,43213.74,43230.95,15215.8507805957
331,1642346160000,43230.94,43265.18,43230.94,43254.3,38534.938564
332,1642346220000,43248.77,43248.77,43237.41,43237.41,8877.41533936
333,1642346280000,43233.79,43261.31,43233.79,43249.23,5135.329306
334,1642346340000,43248.84,43248.85,43211.35,43211.35,20495.3677409873
335,1642346400000,43220.02,43220.02,43176.43,43180.63,100738.1359144
336,1642346460000,43176.46,43184.61,43153.91,43184.61,109293.952049
337,1642346520000,43192.34,43198.87,43168.66,43193.05,34414.08537236
338,1642346580000,43199.99,43199.99,43175.47,43188.53,14499.84685733
339,1642346640000,43188.53,43188.53,43161.23,43167.47,10149.912892
340,1642346700000,43167.46,43167.46,43153.99,43153.99,2732.367502
341,1642346760000,43153.82,43201.57,43153.82,43201.57,40191.1422341
342,1642346820000,43210.02,43226.5,43195.5,43195.5,24988.943983
343,1642346880000,43189.44,43208.13,43189.44,43193.79,15089.64441016
344,1642346940000,43197.17,43197.17,43183.89,43183.89,685.8009362
345,1642347000000,43154.53,43199.46,43151.55,43192.3,11939.921693
346,1642347060000,43192.3,43211.07,43192.3,43205.33,7901.721583
347,1642347120000,43205.33,43234.74,43205.33,43234.69,28623.29241532
348,1642347180000,43208.47,43232.65,43202.33,43226.37,16757.9343637385
349,1642347240000,43228.5,43237.05,43215.91,43221.76,39199.181561131
350,1642347300000,43221.75,43230.0,43200.31,43230.0,20421.076561
351,1642347360000,43237.04,43275.56,43236.55,43236.55,39344.01569392
352,1642347420000,43243.04,43243.04,43193.48,43207.2,48131.4981960565
353,1642347480000,43211.75,43216.25,43189.87,43208.18,29173.496129
354,1642347540000,43208.19,43230.89,43208.19,43230.88,20125.469652
355,1642347600000,43230.88,43230.88,43205.24,43212.45,46514.558776
356,1642347660000,43209.65,43222.09,43206.8,43221.79,5262.024082816
357,1642347720000,43221.79,43230.16,43208.65,43218.24,30759.841476
358,1642347780000,43218.23,43218.23,43204.09,43204.09,17786.106371
359,1642347840000,43203.41,43205.43,43192.46,43200.44,10499.530163446
360,1642347900000,43208.43,43227.4,43203.76,43224.76,33749.72987335
361,1642347960000,43229.69,43233.01,43205.26,43213.62,18579.0139711072
362,1642348020000,43208.3,43346.79,43178.24,43339.8,215068.10237647
363,1642348080000,43339.8,43356.83,43307.92,43307.92,264891.001473
364,1642348140000,43313.47,43313.47,43221.73,43221.73,63981.253996349
365,1642348200000,43231.22,43231.22,43150.0,43184.58,46591.2972922991
366,1642348260000,43183.0,43206.9,43172.81,43176.86,37649.511907
367,1642348320000,43176.87,43176.87,43160.98,43173.36,673.1771821
368,1642348380000,43175.18,43185.87,43175.17,43180.59,19451.689597
369,1642348440000,43177.31,43190.71,43164.2,43183.03,29444.15699860765
370,1642348500000,43174.95,43189.79,43168.08,43189.79,19877.189445452
371,1642348560000,43189.72,43191.22,43167.21,43181.0,17281.104401
372,1642348620000,43181.0,43199.98,43181.0,43192.99,89998.4067640596
373,1642348680000,43195.53,43238.06,43195.52,43238.06,16916.93927688
374,1642348740000,43239.91,43248.26,43209.43,43214.99,26695.8708934835
375,1642348800000,43222.58,43282.15,43222.58,43261.6,81748.42598347012
376,1642348860000,43259.9,43279.44,43259.9,43268.76,3989.464584
377,1642348920000,43270.51,43285.63,43264.44,43270.5,4097.168524341
378,1642348980000,43259.94,43297.91,43256.99,43297.9,32156.5428104022
379,1642349040000,43297.91,43313.61,43276.21,43276.21,4306.32450124
380,1642349100000,43272.62,43288.18,43272.62,43282.12,8951.269569
381,1642349160000,43280.83,43280.83,43244.58,43249.83,84787.48276
382,1642349220000,43249.82,43255.84,43230.25,43237.52,12800.955776945
383,1642349280000,43230.25,43230.25,43201.94,43204.63,12294.694032725
384,1642349340000,43202.3,43220.72,43178.68,43214.09,11072.08788
385,1642349400000,43214.1,43253.47,43214.1,43253.47,24467.393437
386,1642349460000,43239.06,43263.65,43230.85,43248.86,29803.51127682
387,1642349520000,43259.22,43275.88,43246.33,43274.47,57562.0039614706
388,1642349580000,43272.13,43274.48,43237.18,43254.54,37063.345051
389,1642349640000,43257.58,43264.86,43243.78,43243.78,15962.86514894
390,1642349700000,43250.41,43316.5,43250.41,43308.86,50572.69157849
391,1642349760000,43317.09,43358.0,43310.64,43330.04,100085.2343755294
392,1642349820000,43323.86,43323.86,43300.0,43309.79,6281.579835994
393,1642349880000,43310.12,43315.55,43284.68,43301.2,4407.407154
394,1642349940000,43305.95,43323.82,43305.95,43315.85,7478.999313664
395,1642350000000,43318.67,43341.94,43309.88,43334.16,26094.2865831045
396,1642350060000,43337.02,43415.53,43337.02,43411.99,87298.0567674
397,1642350120000,43411.63,43446.16,43381.46,43385.95,56237.250855438
398,1642350180000,43380.08,43387.41,43366.37,43366.37,58137.703124
399,1642350240000,43366.37,43379.96,43366.0,43366.0,13815.687826
400,1642350300000,43358.83,43392.88,43358.83,43392.82,45755.100163092
401,1642350360000,43392.83,43429.39,43392.83,43429.39,28643.352984
402,1642350420000,43428.43,43475.02,43422.68,43447.25,93482.94338
403,1642350480000,43447.25,43453.88,43407.51,43419.65,42510.25807692
404,1642350540000,43419.19,43421.68,43394.71,43418.64,16263.17859391
405,1642350600000,43404.04,43450.0,43404.04,43450.0,56198.74354496
406,1642350660000,43459.19,43459.19,43425.13,43430.13,14735.924685
407,1642350720000,43429.82,43456.37,43415.17,43437.32,43130.79490452
408,1642350780000,43432.98,43442.18,43429.66,43429.66,5528.3173652817
409,1642350840000,43429.67,43429.67,43371.42,43371.42,5612.348808
410,1642350900000,43374.02,43390.32,43364.92,43385.83,4134.8411066
411,1642350960000,43390.32,43396.81,43384.47,43384.48,4425.323068
412,1642351020000,43384.48,43384.48,43354.42,43371.76,10485.0949555013
413,1642351080000,43374.19,43383.75,43358.44,43371.19,8708.0699226
414,1642351140000,43371.18,43384.73,43361.0,43384.73,8000.946114
415,1642351200000,43384.73,43384.73,43348.91,43352.75,2172.512111
416,1642351260000,43352.76,43368.35,43324.05,43368.34,72078.0189432686
417,1642351320000,43368.35,43374.48,43368.35,43374.48,4333.081187
418,1642351380000,43374.48,43380.37,43374.48,43374.48,5390.78961652
419,1642351440000,43374.47,43380.37,43365.76,43380.37,29230.039234
420,1642351500000,43380.36,43380.36,43369.59,43378.94,13983.42838324
421,1642351560000,43380.37,43428.22,43380.37,43424.47,26586.0912307585
422,1642351620000,43424.48,43429.82,43418.05,43425.94,13184.682701
423,1642351680000,43419.2,43441.89,43419.2,43436.8,7527.214137564
424,1642351740000,43436.79,43436.79,43423.33,43423.33,12359.000149
425,1642351800000,43420.36,43420.36,43374.94,43374.94,1051.6583513736
426,1642351860000,43366.44,43370.05,43350.01,43362.16,9937.328296
427,1642351920000,43362.16,43362.16,43339.32,43350.82,21009.580273
428,1642351980000,43350.82,43383.95,43350.82,43375.03,10114.53709396
429,1642352040000,43381.23,43381.23,43346.85,43347.74,16103.83595510125
430,1642352100000,43347.74,43380.39,43346.51,43380.39,4406.1431666
431,1642352160000,43380.39,43387.58,43368.36,43371.85,16210.100093
432,1642352220000,43371.85,43405.21,43363.36,43400.59,22631.3938554
433,1642352280000,43400.94,43413.02,43395.32,43406.74,22261.618658
434,1642352340000,43406.74,43408.48,43383.78,43389.5,2953.4786689684
435,1642352400000,43389.51,43434.07,43389.51,43434.06,19771.495772804996
436,1642352460000,43429.71,43430.48,43389.2,43389.2,16723.33008
437,1642352520000,43389.19,43389.19,43355.52,43356.36,25459.21103721
438,1642352580000,43355.52,43355.52,43320.92,43328.45,12398.235555
439,1642352640000,43324.68,43324.68,43296.87,43296.87,20154.388072
440,1642352700000,43303.05,43317.17,43301.98,43316.59,9919.84910157
441,1642352760000,43316.6,43332.41,43310.01,43314.42,11379.472845
442,1642352820000,43314.43,43321.81,43299.02,43304.6,11733.42713526005
443,1642352880000,43303.61,43317.17,43303.61,43317.17,2845.7415328
444,1642352940000,43319.85,43326.47,43304.14,43314.82,18565.898521104
445,1642353000000,43314.81,43353.57,43314.81,43335.31,31052.57828275
446,1642353060000,43335.3,43335.31,43315.79,43317.36,10133.0391302188
447,1642353120000,43321.47,43331.53,43294.23,43294.23,28480.368875
448,1642353180000,43294.27,43325.6,43294.27,43325.6,44372.030981
449,1642353240000,43325.6,43331.54,43325.6,43328.41,30065.27896964
450,1642353300000,43328.42,43358.8,43313.55,43354.25,60749.781512
451,1642353360000,43354.25,43364.35,43354.25,43354.59,2918.56084097895
452,1642353420000,43356.7,43358.78,43325.61,43325.61,11388.955673
453,1642353480000,43325.61,43325.61,43311.87,43311.87,58255.6486
454,1642353540000,43311.99,43318.83,43311.99,43311.99,30039.982882
455,1642353600000,43294.36,43294.36,43281.14,43290.2,20682.2033965548
456,1642353660000,43289.8,43292.46,43283.6,43286.02,15358.69761108
457,1642353720000,43288.77,43317.72,43285.37,43317.71,34947.12916983
458,1642353780000,43317.72,43320.43,43301.59,43305.37,20364.36742789
459,1642353840000,43303.76,43307.23,43293.72,43303.6,15083.03879332025
460,1642353900000,43296.01,43301.08,43296.01,43298.54,11950.833913
461,1642353960000,43298.54,43315.02,43298.54,43314.1,5518.07752361
462,1642354020000,43314.11,43317.72,43308.81,43317.71,18978.83727205
463,1642354080000,43315.02,43317.71,43300.5,43305.92,23469.957233
464,1642354140000,43305.91,43305.91,43283.66,43283.66,1805.26672187675
465,1642354200000,43286.03,43307.52,43286.03,43290.36,2093.28972049
466,1642354260000,43296.18,43302.74,43281.13,43281.13,7624.609786
467,1642354320000,43289.56,43291.74,43284.67,43284.67,41608.67675223295
468,1642354380000,43291.79,43291.79,43253.73,43270.71,27976.7832342339
469,1642354440000,43268.05,43277.49,43268.05,43277.49,29593.38828402
470,1642354500000,43277.5,43277.5,43264.45,43269.38,30782.118978
471,1642354560000,43269.38,43272.98,43263.93,43270.94,15923.080393
472,1642354620000,43272.64,43293.82,43272.64,43291.62,4564.4645847376
473,1642354680000,43291.63,43295.78,43269.39,43294.8,62035.476838
474,1642354740000,43291.22,43307.85,43291.22,43299.15,12850.024769
475,1642354800000,43297.92,43297.92,43254.29,43263.31,38512.78764772
476,1642354860000,43265.35,43271.64,43233.82,43233.82,33681.08330145
477,1642354920000,43233.82,43253.61,43231.74,43237.34,23003.326972
478,1642354980000,43237.34,43242.24,43214.06,43214.06,19944.057803
479,1642355040000,43215.07,43226.03,43173.02,43178.34,165891.920515
480,1642355100000,43178.34,43198.87,43178.34,43198.86,24224.8884598163
481,1642355160000,43196.79,43196.79,43178.04,43178.04,2305.9556
482,1642355220000,43182.23,43182.23,43157.34,43166.8,6488.2155324
483,1642355280000,43166.45,43170.33,43107.44,43128.96,199677.93933
484,1642355340000,43118.94,43118.94,43060.1,43086.3,110657.779803173
485,1642355400000,43086.56,43103.44,43079.07,43098.23,121233.931024
486,1642355460000,43100.41,43103.44,43096.11,43103.44,5120.253273
487,1642355520000,43103.45,43103.45,43076.88,43078.05,28132.664046
488,1642355580000,43079.12,43093.36,43070.84,43076.4,18011.724354
489,1642355640000,43076.4,43084.84,43076.4,43084.83,556.317154018
490,1642355700000,43084.83,43084.83,43054.67,43055.11,28605.79913851
491,1642355760000,43054.67,43100.29,43054.66,43095.05,15124.951368
492,1642355820000,43103.45,43136.03,43065.26,43066.06,46253.2904496
493,1642355880000,43079.02,43085.05,43072.74,43077.73,9957.3290202061
494,1642355940000,43077.73,43077.73,43053.35,43074.04,48103.564121715
495,1642356000000,43075.1,43075.59,43051.15,43067.6,37246.22063533467
496,1642356060000,43070.29,43085.26,43068.06,43079.9,16309.473311
497,1642356120000,43090.51,43122.7,43090.51,43122.7,9220.153534
498,1642356180000,43121.88,43127.66,43093.05,43099.88,27946.594781
499,1642356240000,43101.34,43123.03,43090.28,43102.88,37081.55651954
500,1642356300000,43102.98,43104.78,43086.63,43086.63,27661.429904
501,1642356360000,43090.23,43103.13,43083.71,43083.71,25369.540033
502,1642356420000,43086.13,43102.27,43081.97,43102.27,4253.073616
503,1642356480000,43102.73,43129.7,43102.73,43124.96,12099.75472216
504,1642356540000,43124.96,43124.97,43109.09,43120.57,6852.291074
505,1642356600000,43117.48,43121.82,43117.47,43117.47,7727.367073
506,1642356660000,43117.47,43117.47,43078.81,43078.81,18475.059276
507,1642356720000,43076.82,43082.11,43070.01,43072.06,47938.8160159
508,1642356780000,43079.25,43095.73,43072.85,43084.03,34532.0817367
509,1642356840000,43084.03,43084.03,43057.99,43079.07,11998.5262787434
510,1642356900000,43075.05,43088.86,43075.05,43084.24,7186.912585
511,1642356960000,43084.25,43086.41,43075.45,43086.41,1986.07064
512,1642357020000,43086.41,43086.41,43052.35,43052.35,47690.493196
513,1642357080000,43050.09,43086.41,43035.06,43086.41,72749.7859675975
514,1642357140000,43089.0,43107.47,43081.86,43105.52,4777.2213978
515,1642357200000,43108.47,43119.89,43082.44,43082.44,13700.495938
516,1642357260000,43074.76,43087.28,43074.76,43087.28,8525.881766
517,1642357320000,43087.28,43090.18,43078.7,43079.94,74260.45033457
518,1642357380000,43075.81,43099.64,43075.81,43099.64,9267.364509
519,1642357440000,43095.06,43097.42,43095.05,43097.4,16341.983407
520,1642357500000,43097.4,43099.66,43076.28,43076.29,29678.1177532
521,1642357560000,43076.29,43083.51,43074.87,43077.97,32709.66343509
522,1642357620000,43077.97,43077.97,43036.43,43036.43,30724.57209559475
523,1642357680000,43040.09,43046.7,43019.68,43020.79,56811.533097419
524,1642357740000,43018.64,43039.7,43018.64,43039.7,9661.79604708
525,1642357800000,43029.81,43067.87,43027.12,43067.87,25643.964972
526,1642357860000,43068.73,43068.73,43030.68,43030.72,17340.1776573312
527,1642357920000,43030.73,43052.15,43030.73,43039.88,35686.479165
528,1642357980000,43035.26,43040.12,43026.28,43036.31,40725.8522204
529,1642358040000,43036.31,43041.88,43023.55,43029.88,8622.88091732
530,1642358100000,43020.99,43052.52,43020.99,43032.65,17619.0482941439
531,1642358160000,43032.65,43050.38,43021.07,43050.38,34322.12376896
532,1642358220000,43057.06,43060.42,43036.87,43036.87,22196.3231338
533,1642358280000,43036.86,43037.79,43026.15,43028.6,37541.68019885
534,1642358340000,43026.42,43047.42,43025.01,43047.42,23245.0520121094
535,1642358400000,43045.85,43054.2,43045.85,43054.2,1157.99472962
536,1642358460000,43054.19,43056.84,42981.75,43007.48,197170.479912518
537,1642358520000,43005.69,43005.69,42982.54,42991.03,14168.041005
538,1642358580000,42988.23,43020.63,42982.41,43020.63,18105.60084746
539,1642358640000,43020.63,43050.77,43020.63,43050.77,17736.8219895253
540,1642358700000,43051.93,43066.77,43046.94,43051.85,31856.663496
541,1642358760000,43051.85,43056.14,43028.28,43033.54,37167.7502216
542,1642358820000,43032.44,43041.81,43015.91,43015.91,7837.6019875
543,1642358880000,43015.91,43040.43,43008.71,43040.43,7685.3277648592
544,1642358940000,43040.42,43058.36,43040.42,43058.04,3090.80699064
545,1642359000000,43058.05,43088.64,43058.05,43088.64,21263.83744484
546,1642359060000,43088.71,43097.34,43086.22,43086.22,21470.32034716
547,1642359120000,43083.43,43085.84,43067.28,43082.17,23918.086435461
548,1642359180000,43082.18,43084.99,43068.88,43068.88,16180.437482
549,1642359240000,43068.88,43068.88,43045.51,43045.55,18081.268645
550,1642359300000,43032.76,43077.81,43032.76,43077.8,9167.733898
551,1642359360000,43072.92,43078.35,43065.24,43075.6,4784.7085756288
552,1642359420000,43075.6,43078.89,43057.18,43062.17,60178.873035
553,1642359480000,43061.76,43077.21,43059.0,43064.7,21165.628555
554,1642359540000,43064.69,43067.31,43046.32,43067.3,50482.86715823
555,1642359600000,43067.31,43080.45,43067.3,43076.23,24504.6939790048
556,1642359660000,43076.23,43076.23,43053.14,43055.79,8138.991813
557,1642359720000,43055.79,43055.8,43034.79,43034.8,16671.408584
558,1642359780000,43034.8,43044.64,42996.07,42997.37,31841.309406
559,1642359840000,43005.27,43014.39,42996.17,43000.52,12090.16582044
560,1642359900000,42998.48,42998.48,42981.13,42982.69,2922.5354169568
561,1642359960000,42984.57,42986.46,42971.58,42986.46,64638.3961968418
562,1642360020000,42986.46,42986.46,42966.01,42966.02,10217.459305
563,1642360080000,42965.94,42974.17,42956.07,42971.6,34784.187864
564,1642360140000,42969.48,42969.48,42929.29,42947.67,52804.8078822603
565,1642360200000,42947.68,42947.68,42917.28,42921.08,45178.81527387
566,1642360260000,42921.07,42921.07,42901.28,42917.69,21135.53231278
567,1642360320000,42928.04,42941.51,42926.75,42936.22,12755.198831
568,1642360380000,42941.26,42941.26,42905.92,42921.66,16115.75240781755
569,1642360440000,42924.67,42927.02,42912.8,42912.8,2974.9744419
570,1642360500000,42912.81,42931.07,42908.9,42931.07,44388.717583
571,1642360560000,42936.58,42984.44,42931.32,42968.56,14729.895645
572,1642360620000,42970.77,42990.14,42963.88,42967.12,9557.913217
573,1642360680000,42967.12,42992.31,42967.12,42977.3,39437.7230758915
574,1642360740000,42977.31,42977.31,42923.98,42938.69,17866.572835
575,1642360800000,42938.68,42938.68,42924.5,42933.58,1173.352857
576,1642360860000,42937.93,42937.93,42914.76,42924.99,35115.949749
577,1642360920000,42925.0,42925.0,42913.41,42924.0,13685.6123815
578,1642360980000,42923.99,42923.99,42917.64,42917.65,19430.259554
579,1642361040000,42917.64,42917.64,42903.23,42908.75,31334.62991329
580,1642361100000,42908.71,42917.06,42908.71,42917.06,11497.77586098
581,1642361160000,42917.06,42917.06,42905.5,42908.65,6493.854219977
582,1642361220000,42910.8,42917.06,42908.65,42910.2,39909.290390937
583,1642361280000,42908.65,42914.36,42903.44,42910.28,20562.898907
584,1642361340000,42911.28,42936.25,42907.39,42936.25,30401.187219593
585,1642361400000,42936.25,42954.39,42936.25,42951.0,13559.24271832
586,1642361460000,42954.35,42954.35,42909.25,42909.25,12583.353581822
587,1642361520000,42906.9,42911.97,42879.54,42904.96,112321.29897115
588,1642361580000,42900.7,42912.05,42898.18,42912.05,6908.09242554
589,1642361640000,42912.05,42912.05,42870.95,42884.28,7856.29343
590,1642361700000,42884.28,42932.07,42874.07,42927.05,18171.7139110858
591,1642361760000,42910.51,42910.51,42893.13,42893.13,4714.290384
592,1642361820000,42897.45,42917.36,42897.45,42909.74,9677.0201503
593,1642361880000,42905.06,42913.2,42903.78,42908.69,20080.00312675
594,1642361940000,42905.23,42915.67,42901.74,42914.16,48945.0445872
595,1642362000000,42916.8,42934.56,42909.94,42911.14,36476.04972672
596,1642362060000,42913.76,42927.39,42913.76,42921.13,4029.70339
597,1642362120000,42923.84,42925.16,42901.72,42924.06,26740.852881
598,1642362180000,42915.06,42915.06,42898.1,42898.1,11008.005633192
599,1642362240000,42893.13,42893.13,42854.41,42866.97,67612.512582402
600,1642362300000,42861.07,42875.39,42860.87,42875.39,20605.715585
601,1642362360000,42867.8,42886.45,42866.42,42866.42,39248.634573
602,1642362420000,42870.11,42877.85,42867.17,42874.74,5948.7860790064
603,1642362480000,42872.88,42875.49,42861.07,42875.49,10287.811388
604,1642362540000,42870.42,42889.6,42869.29,42869.92,18827.01227979
605,1642362600000,42868.11,42877.56,42867.25,42873.93,37719.959166
606,1642362660000,42872.27,42872.92,42865.5,42865.51,3043.875472
607,1642362720000,42865.66,42877.52,42857.0,42857.0,14515.7340272332
608,1642362780000,42852.72,42852.72,42828.14,42837.57,21475.556476
609,1642362840000,42829.57,42852.84,42810.01,42846.4,171471.099724
610,1642362900000,42845.16,42875.31,42840.1,42871.02,2995.41990088
611,1642362960000,42875.98,42894.21,42873.97,42878.47,34350.46622152115
612,1642363020000,42884.94,42906.92,42884.94,42888.94,60133.69440416
613,1642363080000,42877.7,42892.64,42812.17,42830.21,141335.96475288
614,1642363140000,42826.72,42837.8,42800.11,42837.8,94851.04845875
615,1642363200000,42830.22,42830.22,42800.1,42800.11,48156.6799925689
616,1642363260000,42801.69,42801.69,42761.14,42776.06,54397.2924339204
617,1642363320000,42775.17,42819.11,42775.17,42811.88,9009.355983
618,1642363380000,42798.89,42801.35,42754.36,42754.36,5371.54698165
619,1642363440000,42754.37,42782.86,42751.98,42782.86,17812.545983
620,1642363500000,42782.86,42782.86,42761.13,42764.17,79478.4904176255
621,1642363560000,42767.44,42767.44,42751.15,42762.88,14568.58338478
622,1642363620000,42761.89,42818.98,42761.89,42815.14,22294.479787
623,1642363680000,42815.78,42837.78,42804.43,42837.78,81840.48507289
624,1642363740000,42837.79,42862.82,42833.11,42855.02,4328.4545102742
625,1642363800000,42875.8,42947.73,42875.8,42947.11,130234.26898145
626,1642363860000,42935.15,42942.71,42927.29,42932.96,43046.318457
627,1642363920000,42932.97,42936.14,42922.52,42922.52,18288.34298901
628,1642363980000,42922.51,42974.3,42922.51,42961.12,32991.193588
629,1642364040000,42961.13,42989.01,42961.13,42982.35,71945.71652074
630,1642364100000,42979.47,43049.29,42975.25,43026.5,44491.726375
631,1642364160000,43026.5,43029.48,42991.95,43004.41,13556.819557535
632,1642364220000,43011.18,43034.48,43011.18,43033.88,47189.17168684
633,1642364280000,43022.71,43022.71,43003.56,43019.57,10948.205301
634,1642364340000,43024.61,43040.26,43023.37,43033.46,7080.36627993
635,1642364400000,43024.65,43024.65,43000.27,43000.27,5075.0084506
636,1642364460000,43000.27,43015.29,42998.95,43012.74,14378.014603664
637,1642364520000,43007.57,43011.33,42981.17,42986.52,29707.047162
638,1642364580000,42982.25,42982.25,42970.84,42971.11,11678.95491396
639,1642364640000,42967.87,42967.87,42946.93,42946.93,12616.742056
640,1642364700000,42943.26,42943.26,42917.08,42925.87,17061.359857
641,1642364760000,42930.46,42952.2,42930.46,42952.2,13272.09534349
642,1642364820000,42956.91,42997.39,42956.91,42997.39,18928.7529708964
643,1642364880000,42996.44,42996.44,42975.1,42992.79,38772.029015
644,1642364940000,42992.79,43042.17,42992.79,43026.93,18883.38496744
645,1642365000000,43007.62,43034.35,42994.56,42994.56,7532.7371264
646,1642365060000,42989.43,42989.43,42953.39,42953.39,32525.416962
647,1642365120000,42953.39,42956.57,42940.56,42948.14,14827.0761531035
648,1642365180000,42952.55,42984.18,42952.55,42962.87,20840.95179085
649,1642365240000,42962.87,42962.87,42954.54,42954.54,378.3567546381
650,1642365300000,42954.97,42981.03,42954.97,42971.87,10945.303684
651,1642365360000,42971.86,42972.02,42962.88,42964.09,4932.477685
652,1642365420000,42964.09,42974.21,42962.87,42966.88,29805.80856982
653,1642365480000,42978.6,42986.09,42966.91,42966.91,14728.797461
654,1642365540000,42966.91,42994.93,42966.91,42980.89,13933.467303
655,1642365600000,42980.9,42989.68,42974.8,42985.2,38666.83499
656,1642365660000,42989.37,43046.09,42989.37,43018.97,56043.06325684
657,1642365720000,43018.97,43019.72,43000.75,43000.75,61027.181498
658,1642365780000,42994.64,43050.09,42994.64,43047.06,65313.7682385832
659,1642365840000,43049.42,43089.31,43033.71,43080.49,238724.4106169426
660,1642365900000,43090.89,43090.89,43081.65,43088.61,8829.090533
661,1642365960000,43083.4,43083.4,43055.09,43055.09,15111.3247734
662,1642366020000,43063.51,43072.02,43063.51,43068.22,22480.569938
663,1642366080000,43065.86,43090.88,43065.86,43084.95,25475.0826436924
664,1642366140000,43084.95,43104.79,43084.95,43104.78,35164.5185471398
665,1642366200000,43104.78,43115.81,43098.17,43107.7,25556.883146
666,1642366260000,43107.99,43107.99,43085.25,43085.25,30191.74067713485
667,1642366320000,43078.71,43084.05,43065.93,43065.93,39901.360278746
668,1642366380000,43069.07,43069.07,43050.25,43056.33,31878.052544
669,1642366440000,43063.43,43063.43,43049.5,43051.91,9736.00783
670,1642366500000,43049.52,43049.52,43026.29,43026.3,27642.027649
671,1642366560000,43026.3,43040.89,43026.3,43032.01,54886.098462
672,1642366620000,43028.06,43033.35,43028.06,43031.22,19874.331658
673,1642366680000,43025.33,43039.87,43024.79,43024.79,38269.36052771
674,1642366740000,43025.31,43039.99,43025.31,43031.37,2695.5968730214
675,1642366800000,43036.0,43069.76,43031.37,43069.76,16745.62333210259
676,1642366860000,43071.86,43087.07,43071.86,43087.07,4199.739603
677,1642366920000,43087.07,43092.27,43078.49,43078.49,17186.4822631
678,1642366980000,43086.55,43091.92,43067.07,43067.07,16739.38993
679,1642367040000,43056.47,43056.47,43038.6,43040.17,1812.09935278
680,1642367100000,43040.01,43040.01,43019.22,43019.22,25077.812017
681,1642367160000,43010.94,43010.94,42958.44,42973.41,18555.22234
682,1642367220000,42973.41,42973.41,42959.55,42966.74,46334.2893841498
683,1642367280000,42971.69,42996.93,42971.69,42988.42,24978.595889
684,1642367340000,42988.44,42993.18,42973.58,42989.04,41521.2543920992
685,1642367400000,42989.04,42999.15,42985.0,42987.27,9906.5999963415
686,1642367460000,42998.63,42998.64,42971.69,42971.69,5666.3029407908
687,1642367520000,42971.68,42971.68,42950.77,42950.77,6852.441022
688,1642367580000,42957.57,42962.22,42957.57,42957.57,1718.61227332
689,1642367640000,42957.57,42971.29,42956.34,42968.8,18117.22221292
690,1642367700000,42968.79,42971.28,42961.04,42969.18,11141.0972844475
691,1642367760000,42972.23,42984.41,42951.36,42951.37,9381.507369
692,1642367820000,42951.37,42958.0,42950.71,42954.06,3144.278318
693,1642367880000,42954.06,42957.57,42953.12,42953.12,13479.063615
694,1642367940000,42957.56,42975.68,42957.56,42965.93,13251.3186166096
695,1642368000000,42965.93,43014.15,42963.41,42994.7,41003.656769
696,1642368060000,42993.22,42998.6,42983.36,42992.72,5043.021821
697,1642368120000,42992.72,42992.73,42979.51,42985.66,16146.799275
698,1642368180000,42985.65,42987.95,42968.09,42970.85,6139.78573378
699,1642368240000,42970.86,42971.94,42967.58,42970.85,13853.416572
700,1642368300000,42970.85,42970.85,42951.17,42964.79,8506.16131164
701,1642368360000,42954.55,42966.92,42939.44,42966.91,19700.545527
702,1642368420000,42966.92,42971.07,42953.04,42970.56,7318.2313263916
703,1642368480000,42964.25,42965.47,42964.25,42965.46,1353.40778
704,1642368540000,42965.47,42968.8,42953.69,42968.8,5106.64671833
705,1642368600000,42962.86,42968.8,42962.82,42962.82,17752.301053
706,1642368660000,42962.83,42962.83,42931.88,42931.88,8017.0498080745
707,1642368720000,42931.89,42931.89,42916.81,42916.81,4537.440736
708,1642368780000,42921.65,42931.89,42921.65,42930.68,8565.48311181
709,1642368840000,42930.68,42934.97,42920.57,42934.7,66795.87375722
710,1642368900000,42937.37,42965.6,42926.22,42965.6,13284.689011
711,1642368960000,42960.64,42960.64,42928.36,42940.19,27012.7692276
712,1642369020000,42940.19,42943.01,42926.43,42926.44,22309.64710788
713,1642369080000,42924.43,42924.43,42902.2,42902.2,6745.308842
714,1642369140000,42902.2,42934.9,42902.2,42934.9,33994.5064870473
715,1642369200000,42929.27,42929.27,42910.81,42915.88,15170.347796
716,1642369260000,42915.89,42925.91,42915.83,42925.91,54503.0318548456
717,1642369320000,42925.5,42956.15,42925.5,42945.76,7561.882331
718,1642369380000,42936.75,42950.7,42920.17,42950.7,12492.8762916831
719,1642369440000,42950.7,42950.7,42948.34,42948.34,575.528288
720,1642369500000,42950.7,42968.65,42950.7,42959.5,51345.851425
721,1642369560000,42962.89,42981.26,42962.82,42977.42,24896.28880835
722,1642369620000,42977.67,42983.18,42968.06,42972.92,12145.178862
723,1642369680000,42978.01,42978.02,42958.72,42960.8,27703.7898167936
724,1642369740000,42957.9,42960.8,42938.2,42942.14,10450.432471
725,1642369800000,42941.78,42979.78,42941.19,42974.16,16826.1812935
726,1642369860000,42972.82,43000.41,42969.53,42969.53,10667.63186164
727,1642369920000,42969.53,42995.48,42969.53,42993.58,11657.689583
728,1642369980000,42993.18,43000.5,42988.59,43000.49,14555.544719
729,1642370040000,43000.49,43010.52,42995.45,42995.45,4511.10714661
730,1642370100000,42988.61,43006.42,42982.61,43006.42,31630.017765
731,1642370160000,43007.29,43007.29,42987.26,42987.27,2693.2868150215
732,1642370220000,42987.27,43009.57,42987.27,43001.56,3512.664489
733,1642370280000,43001.79,43018.16,42972.18,42972.18,21310.5871101
734,1642370340000,42967.85,42969.89,42944.32,42953.44,51783.0626319
735,1642370400000,42954.92,43010.43,42942.38,43007.39,53591.88841664707
736,1642370460000,43011.71,43034.42,43006.23,43034.42,33759.0903967
737,1642370520000,43026.63,43035.89,43022.16,43031.16,11397.745279
738,1642370580000,43037.54,43054.79,43037.54,43054.79,46568.764902
739,1642370640000,43054.8,43085.28,43054.8,43077.19,41801.71240622
740,1642370700000,43077.19,43077.19,43060.27,43073.39,6890.408883
741,1642370760000,43075.28,43107.05,43069.88,43103.44,10075.0133512
742,1642370820000,43107.05,43149.99,43107.05,43123.85,17540.5307572022
743,1642370880000,43118.07,43132.74,43113.68,43114.27,7002.600256286
744,1642370940000,43115.34,43184.75,43115.34,43165.92,122667.72619278
745,1642371000000,43159.89,43166.25,43151.66,43152.9,50066.772757
746,1642371060000,43155.92,43155.92,43142.03,43150.93,14381.7327918
747,1642371120000,43151.92,43151.93,43142.08,43142.08,37182.6541115076
748,1642371180000,43133.36,43154.99,43130.65,43154.99,65567.6471463438
749,1642371240000,43155.0,43191.79,43152.2,43191.78,33940.70093525
750,1642371300000,43191.79,43206.15,43176.13,43188.33,107148.343833
751,1642371360000,43182.97,43200.4,43176.4,43192.02,16691.8358519687
752,1642371420000,43189.48,43189.48,43180.43,43181.2,5190.448073
753,1642371480000,43181.2,43188.47,43173.96,43181.19,3320.623932
754,1642371540000,43180.6,43180.61,43180.52,43180.61,40707.32433803
755,1642371600000,43187.99,43187.99,43180.53,43183.78,35108.6837161471
756,1642371660000,43183.97,43191.1,43183.97,43191.1,13989.4894272181
757,1642371720000,43191.1,43196.03,43191.1,43193.87,17267.0693608
758,1642371780000,43193.87,43199.21,43193.87,43199.2,25672.40113732
759,1642371840000,43199.2,43199.2,43185.79,43190.48,23274.4977933982
760,1642371900000,43185.07,43194.49,43184.0,43187.85,6255.02254151
761,1642371960000,43184.45,43186.46,43184.05,43185.97,22162.830455
762,1642372020000,43185.97,43185.97,43183.74,43183.75,499.6503999
763,1642372080000,43183.74,43199.36,43174.6,43186.77,93032.3242457
764,1642372140000,43187.08,43195.06,43187.08,43195.06,8054.9015384
765,1642372200000,43203.7,43203.7,43203.69,43203.69,2332.999304
766,1642372260000,43197.97,43201.53,43195.06,43200.72,13080.7280054
767,1642372320000,43200.72,43200.72,43195.06,43200.28,59669.6457944616
768,1642372380000,43200.27,43201.34,43200.27,43201.34,8480.36896
769,1642372440000,43204.47,43204.48,43204.47,43204.47,1542.399619
770,1642372500000,43204.48,43204.48,43198.37,43198.37,22235.13245418815
771,1642372560000,43198.37,43212.85,43196.77,43198.32,37849.35449882
772,1642372620000,43198.33,43198.33,43189.27,43189.27,16736.446497
773,1642372680000,43183.36,43183.36,43166.73,43166.73,50515.733094
774,1642372740000,43166.73,43166.73,43166.72,43166.72,10308.215107
775,1642372800000,43167.99,43168.0,43167.99,43168.0,13423.84718024435
776,1642372860000,43179.07,43179.08,43179.07,43179.08,116.583512
777,1642372920000,43180.8,43180.8,43175.32,43177.1,578.6192928
778,1642372980000,43177.1,43177.1,43177.09,43177.09,2093.225637
779,1642373040000,43175.08,43175.09,43175.07,43175.07,8915.78329521
780,1642373100000,43171.97,43173.81,43171.96,43173.81,3448.62656974
781,1642373160000,43173.81,43173.81,43149.21,43149.21,14469.877897
782,1642373220000,43153.7,43163.01,43153.7,43163.0,9909.3727361
783,1642373280000,43163.0,43163.0,43154.09,43154.09,11136.475394725
784,1642373340000,43154.09,43154.09,43121.13,43121.14,8578.85262103
785,1642373400000,43115.58,43124.01,43112.15,43124.0,1904.74539532
786,1642373460000,43124.0,43125.44,43118.44,43125.44,3385.199653
787,1642373520000,43125.44,43125.45,43125.44,43125.45,1781.5558840944
788,1642373580000,43129.9,43156.5,43129.9,43151.93,26533.388607
789,1642373640000,43151.93,43160.37,43151.17,43155.84,62472.8276594512
790,1642373700000,43156.08,43156.98,43142.27,43152.01,93208.60732
791,1642373760000,43152.08,43175.14,43152.08,43174.92,1115.4193599016
792,1642373820000,43174.91,43190.47,43170.27,43182.67,44661.086176374
793,1642373880000,43182.67,43244.79,43182.67,43217.34,152872.1018797041
794,1642373940000,43217.34,43217.34,43199.24,43199.24,30160.139761467
795,1642374000000,43191.93,43231.88,43182.67,43205.71,67749.74213429146
796,1642374060000,43205.71,43229.93,43189.94,43194.5,37984.353747
797,1642374120000,43206.76,43206.76,43180.07,43201.41,48579.566373
798,1642374180000,43201.4,43201.4,43176.22,43176.22,33275.5072
799,1642374240000,43176.69,43176.69,43138.31,43151.45,25240.5922087348
800,1642374300000,43151.09,43162.05,43121.78,43154.32,10620.130448
801,1642374360000,43154.33,43164.97,43139.39,43159.65,55392.489185
802,1642374420000,43159.65,43159.65,43142.71,43159.56,21248.163008
803,1642374480000,43159.64,43162.05,43109.1,43141.41,29851.8882627422
804,1642374540000,43159.63,43164.98,43145.57,43145.57,12670.66401288
805,1642374600000,43158.16,43185.08,43158.16,43185.08,16249.073457
806,1642374660000,43185.07,43216.63,43181.12,43216.62,7785.112045
807,1642374720000,43227.05,43258.17,43227.05,43250.4,87608.71662642
808,1642374780000,43250.41,43262.83,43233.66,43241.3,67424.728267
809,1642374840000,43241.29,43241.29,43199.08,43221.56,115726.1576684
810,1642374900000,43229.37,43235.51,43203.08,43205.68,12178.446327
811,1642374960000,43205.68,43222.38,43199.91,43217.62,17485.35304288
812,1642375020000,43217.62,43229.27,43212.35,43225.81,23780.90757538
813,1642375080000,43225.8,43225.8,43180.17,43180.17,50408.52195283
814,1642375140000,43180.17,43189.81,43131.08,43133.33,15457.483158
815,1642375200000,43142.88,43161.23,43129.38,43160.49,50755.2818423783
816,1642375260000,43160.48,43180.68,43159.7,43179.87,26805.417846
817,1642375320000,43181.86,43189.97,43174.22,43184.62,34162.155894
818,1642375380000,43184.62,43201.36,43176.23,43195.84,26246.44948077
819,1642375440000,43201.45,43219.93,43195.85,43216.14,27397.332622
820,1642375500000,43216.12,43234.07,43216.12,43234.07,35807.02288324
821,1642375560000,43237.27,43247.67,43204.36,43204.36,76284.370326
822,1642375620000,43208.31,43214.43,43189.15,43189.15,12203.15954161
823,1642375680000,43189.15,43208.07,43179.74,43190.99,32088.3861175547
824,1642375740000,43181.86,43184.53,43175.93,43184.44,5643.797127
825,1642375800000,43184.43,43187.69,43161.0,43187.69,14205.9154894
826,1642375860000,43183.92,43200.2,43177.79,43196.8,29112.5051624
827,1642375920000,43190.23,43210.41,43190.23,43209.69,9148.94546399
828,1642375980000,43209.68,43225.23,43203.01,43203.01,12398.819162846
829,1642376040000,43210.79,43217.23,43182.54,43200.34,7052.9759082
830,1642376100000,43200.34,43200.34,43161.9,43175.72,25005.0234130047
831,1642376160000,43177.06,43214.88,43177.06,43214.88,35677.5821999656
832,1642376220000,43216.02,43222.72,43187.68,43210.94,43014.973639
833,1642376280000,43215.88,43215.88,43200.77,43200.77,28488.1905873
834,1642376340000,43200.77,43200.77,43179.34,43179.34,6379.477071
835,1642376400000,43179.34,43179.34,43133.77,43134.4,32386.82129864095
836,1642376460000,43134.39,43134.39,43108.93,43119.95,34801.56899291905
837,1642376520000,43119.95,43134.79,43112.54,43120.97,28861.983849
838,1642376580000,43120.52,43139.92,43111.56,43139.92,69842.054481
839,1642376640000,43139.92,43139.92,43116.34,43116.34,4963.996935
840,1642376700000,43117.09,43121.26,43101.71,43121.26,18617.5491946318
841,1642376760000,43122.78,43122.78,43103.7,43115.32,11596.3105603
842,1642376820000,43115.32,43115.61,43071.76,43089.87,42033.9658772
843,1642376880000,43089.34,43105.52,43079.38,43090.01,68400.32020749
844,1642376940000,43091.66,43103.55,43082.85,43101.53,66276.7764094439
845,1642377000000,43101.53,43109.55,43101.53,43106.42,12077.088777
846,1642377060000,43106.42,43106.77,43099.16,43099.17,29800.770705
847,1642377120000,43095.11,43115.6,43092.14,43101.74,31630.27623998
848,1642377180000,43101.49,43102.01,43084.83,43084.83,13765.85190009115
849,1642377240000,43084.83,43108.76,43078.53,43078.53,27073.54891412
850,1642377300000,43077.73,43083.3,43062.45,43062.45,17196.87053332
851,1642377360000,43057.97,43090.04,43052.24,43070.28,41439.4354358
852,1642377420000,43071.96,43077.58,43065.05,43065.05,6048.8561169943
853,1642377480000,43057.78,43073.42,43051.59,43070.81,22634.72293524
854,1642377540000,43070.81,43079.56,43068.32,43072.57,11440.043087745
855,1642377600000,43072.58,43104.8,43072.57,43104.8,9584.66719392995
856,1642377660000,43104.8,43114.98,43057.87,43066.06,34430.3161160518
857,1642377720000,43068.03,43119.11,43066.06,43119.11,26324.2579022
858,1642377780000,43128.29,43128.69,43116.84,43128.68,23169.971951
859,1642377840000,43128.68,43141.89,43108.94,43141.89,75383.196595986
860,1642377900000,43141.97,43174.99,43141.97,43153.48,41332.4896602191
861,1642377960000,43149.51,43153.48,43131.87,43140.85,44679.34807381
862,1642378020000,43140.85,43175.73,43140.85,43170.63,40240.36471526
863,1642378080000,43172.27,43177.02,43151.83,43174.61,24266.534487
864,1642378140000,43167.24,43167.24,43108.36,43108.36,24026.059580025
865,1642378200000,43109.39,43109.39,43088.85,43094.67,21254.684263126
866,1642378260000,43091.63,43102.99,43088.07,43088.08,38131.33371001
867,1642378320000,43092.6,43092.6,43043.89,43088.66,14463.3051232004
868,1642378380000,43088.66,43135.47,43069.77,43127.25,17744.575805
869,1642378440000,43127.25,43134.01,43101.89,43108.51,31566.75973
870,1642378500000,43106.49,43113.39,43071.8,43072.54,91422.5841026
871,1642378560000,43070.05,43072.78,42990.26,42994.97,144901.905144468
872,1642378620000,42991.65,43004.17,42977.93,42984.42,8972.393218
873,1642378680000,42984.42,42996.46,42980.27,42995.49,8177.186695
874,1642378740000,43001.25,43033.43,42983.88,43013.29,12356.22031228
875,1642378800000,42994.45,43024.62,42991.38,43024.62,13360.8228060297
876,1642378860000,43020.88,43020.88,42956.14,42980.25,49338.593791
877,1642378920000,42984.73,42994.31,42983.4,42992.86,1371.278398
878,1642378980000,42992.85,43008.58,42986.45,42986.45,20543.288579
879,1642379040000,42986.45,42986.45,42925.79,42958.31,137584.1664795081
880,1642379100000,42955.36,42973.23,42940.87,42955.02,63094.27751952
881,1642379160000,42955.02,42960.21,42924.9,42957.35,27691.284497
882,1642379220000,42957.36,42978.37,42944.09,42953.16,28037.5685051
883,1642379280000,42947.86,42982.04,42947.86,42978.3,39843.186738
884,1642379340000,42978.3,42989.61,42975.78,42980.62,28636.054719
885,1642379400000,42967.31,42989.39,42943.84,42989.38,27049.222081
886,1642379460000,42975.42,43000.0,42975.42,42998.57,21921.316751
887,1642379520000,42998.57,43036.6,42998.57,43012.34,85168.95301688
888,1642379580000,43013.85,43024.98,43005.73,43024.98,10322.995132
889,1642379640000,43031.25,43048.0,43018.4,43037.85,47543.845811
890,1642379700000,43037.85,43055.38,43005.35,43012.78,21861.266467
891,1642379760000,43011.88,43016.56,42979.44,42979.94,15895.12909921495
892,1642379820000,42979.93,42979.93,42976.63,42977.01,21738.881413
893,1642379880000,42977.01,42997.92,42977.01,42993.53,31794.789851
894,1642379940000,42985.67,42985.67,42966.37,42966.83,111874.38045756
895,1642380000000,42966.83,43010.29,42966.83,43010.28,49623.6876127958
896,1642380060000,43005.8,43029.03,43005.79,43029.03,134430.396948
897,1642380120000,43017.84,43034.85,43017.84,43028.45,30295.862505
898,1642380180000,43024.65,43040.83,43024.65,43040.82,55214.246886
899,1642380240000,43036.34,43060.86,43032.69,43035.48,43265.15834134
900,1642380300000,43038.74,43038.74,43014.05,43015.96,5535.83306717
901,1642380360000,43010.14,43023.39,42992.99,42992.99,44105.434001
902,1642380420000,42986.81,43001.68,42985.87,42989.27,6753.744071
903,1642380480000,42987.54,43006.27,42985.37,43001.54,7556.9496895569
904,1642380540000,43001.54,43017.81,42987.11,43006.44,31456.798523
905,1642380600000,42995.77,42995.77,42977.66,42980.84,1929.929327
906,1642380660000,42980.82,42980.82,42969.97,42971.98,4811.55708928
907,1642380720000,42971.97,42982.29,42969.97,42978.35,5333.259873096
908,1642380780000,42978.35,42978.36,42962.07,42962.08,859.486719
909,1642380840000,42962.07,42962.07,42938.96,42940.32,34028.629608
910,1642380900000,42936.27,42964.3,42921.68,42924.89,131168.82319807
911,1642380960000,42921.68,42938.26,42921.68,42931.67,15184.692001
912,1642381020000,42931.66,42935.95,42910.47,42924.23,138357.551510138
913,1642381080000,42925.14,42925.14,42882.1,42882.1,158523.9690377612
914,1642381140000,42887.55,42902.76,42887.55,42901.22,24099.57631692
915,1642381200000,42903.02,42903.02,42881.53,42899.32,42270.37980762302
916,1642381260000,42889.06,42916.32,42880.16,42916.32,12555.750532221033
917,1642381320000,42923.01,42946.59,42916.95,42916.95,41575.35848782
918,1642381380000,42915.5,42946.61,42915.5,42940.21,5157.0012334
919,1642381440000,42935.29,42940.21,42918.73,42935.12,20628.372038
920,1642381500000,42934.29,42934.29,42892.51,42892.51,50562.06052
921,1642381560000,42891.94,42916.06,42891.94,42896.93,14818.8765718
922,1642381620000,42899.36,42915.92,42891.73,42891.73,18977.02638
923,1642381680000,42890.9,42910.57,42874.17,42910.57,3238.029239
924,1642381740000,42913.79,42933.4,42912.17,42933.24,19956.97668629435
925,1642381800000,42933.24,42933.24,42913.71,42922.1,17121.04309824
926,1642381860000,42921.39,42921.39,42877.22,42878.52,88211.719934
927,1642381920000,42880.65,42880.65,42861.49,42868.92,24798.724173
928,1642381980000,42862.26,42862.27,42846.87,42855.62,2495.3117965242
929,1642382040000,42851.9,42863.25,42838.72,42861.0,25492.457674
930,1642382100000,42872.77,42883.78,42867.69,42875.65,47536.53819085
931,1642382160000,42862.94,42905.73,42862.94,42905.73,33385.95843384
932,1642382220000,42907.72,42907.72,42876.93,42876.93,8261.7109323999
933,1642382280000,42876.3,42888.16,42874.4,42886.25,2726.941584
934,1642382340000,42880.03,42890.9,42878.28,42890.9,6251.2829727
935,1642382400000,42890.89,42890.89,42834.72,42834.72,55333.273696
936,1642382460000,42829.15,42839.36,42817.19,42839.35,48229.89705237975
937,1642382520000,42839.36,42858.26,42830.23,42854.97,17201.597587
938,1642382580000,42852.58,42869.08,42850.89,42864.55,6861.425365
939,1642382640000,42863.48,42882.43,42863.48,42882.43,20355.337322
940,1642382700000,42873.21,42873.21,42833.41,42833.41,26995.6741841098
941,1642382760000,42834.3,42849.71,42820.0,42838.45,971847.02531
942,1642382820000,42827.81,42836.84,42827.12,42836.84,6282.81732
943,1642382880000,42843.0,42870.8,42831.33,42870.8,21077.687416156
944,1642382940000,42876.29,42894.76,42876.29,42889.73,8449.9361486
945,1642383000000,42896.32,42912.07,42893.28,42897.29,32593.8880865
946,1642383060000,42895.94,42897.25,42870.63,42871.48,24256.585005
947,1642383120000,42867.48,42888.44,42858.33,42866.4,16007.636993
948,1642383180000,42869.56,42879.36,42862.94,42873.71,22545.97348961
949,1642383240000,42878.51,42888.98,42874.74,42887.13,11567.1996502683
950,1642383300000,42890.0,42893.65,42861.34,42862.83,15784.295639
951,1642383360000,42852.35,42860.72,42829.43,42829.44,18091.287428
952,1642383420000,42827.55,42861.55,42827.54,42861.55,29286.73667004
953,1642383480000,42855.12,42880.63,42855.12,42873.43,9201.128186
954,1642383540000,42872.06,42885.51,42872.06,42872.65,69527.56600176
955,1642383600000,42874.99,42879.96,42863.34,42865.28,42934.855436618
956,1642383660000,42867.55,42867.55,42816.64,42830.28,29781.255481
957,1642383720000,42830.28,42843.19,42809.56,42828.9,54523.857388662
958,1642383780000,42830.11,42838.7,42828.9,42838.59,25282.86264516
959,1642383840000,42833.01,42846.46,42808.84,42846.46,38610.312949
960,1642383900000,42842.5,42842.5,42812.23,42832.99,49396.121383
961,1642383960000,42829.07,42829.07,42817.57,42822.02,33771.3105454413
962,1642384020000,42825.16,42831.23,42811.17,42831.23,38760.43550365
963,1642384080000,42850.14,42860.02,42846.03,42848.55,3292.8671065
964,1642384140000,42851.89,42887.78,42851.89,42873.71,64220.96778104
965,1642384200000,42882.26,42899.84,42867.88,42895.57,134385.093843
966,1642384260000,42895.94,42895.94,42865.16,42865.16,169647.251803
967,1642384320000,42865.16,42905.82,42865.16,42899.07,6904.919198
968,1642384380000,42899.06,42899.06,42873.56,42885.91,46836.06193
969,1642384440000,42882.46,42882.46,42863.55,42868.06,37218.731085
970,1642384500000,42864.78,42864.78,42844.5,42846.77,15376.4835704219
971,1642384560000,42846.77,42856.82,42837.57,42847.18,24941.2818764158
972,1642384620000,42847.17,42857.73,42837.38,42837.38,29266.1902056
973,1642384680000,42837.37,42839.2,42825.43,42839.19,46842.81826999
974,1642384740000,42839.19,42891.82,42839.19,42891.82,119781.0918523624
975,1642384800000,42891.82,42897.97,42878.0,42897.97,10453.908811558327
976,1642384860000,42897.96,42897.96,42882.08,42882.08,14698.01853
977,1642384920000,42876.39,42920.0,42876.39,42920.0,24610.049617
978,1642384980000,42925.89,42928.43,42911.1,42927.79,26809.37554244
979,1642385040000,42922.43,42934.17,42900.66,42900.84,51899.2848798
980,1642385100000,42905.23,42931.32,42905.23,42931.31,13109.0008179679
981,1642385160000,42931.31,42950.19,42921.54,42936.85,37298.967681
982,1642385220000,42926.11,42926.11,42916.12,42916.61,9790.300215
983,1642385280000,42916.61,42916.61,42897.51,42897.51,37798.917097
984,1642385340000,42897.26,42910.12,42893.74,42902.16,35920.6566578994
985,1642385400000,42899.25,42899.25,42818.93,42834.06,123509.005020132
986,1642385460000,42834.06,42834.06,42807.59,42810.42,115709.82683471
987,1642385520000,42807.51,42807.51,42788.77,42791.84,38761.616285278
988,1642385580000,42797.25,42818.65,42797.25,42812.43,31598.43494714
989,1642385640000,42808.29,42836.91,42808.29,42827.87,28933.94754165925
990,1642385700000,42818.51,42832.73,42797.17,42832.73,29113.38075614
991,1642385760000,42836.9,42866.17,42836.9,42866.17,24262.843421
992,1642385820000,42857.41,42863.69,42842.01,42863.69,29359.15128447
993,1642385880000,42872.91,42872.91,42844.23,42864.6,16528.4939073336
994,1642385940000,42861.77,42881.65,42854.86,42854.86,93990.336802
995,1642386000000,42846.41,42846.41,42832.16,42834.86,1363.735974324
996,1642386060000,42834.86,42836.9,42821.29,42836.9,38350.225857676
997,1642386120000,42833.03,42858.63,42827.89,42855.36,47750.1436935423
998,1642386180000,42855.36,42897.79,42839.57,42893.59,59403.372414
999,1642386240000,42897.03,42912.89,42894.92,42912.89,19242.7914795
