{
  "preferQuoteCurrencySize": true,
  "aggregationLength": 1,
  "disableAnimations": false,
  "calculateSlippage": null,
  "decimalPrecision": null,
  "autoHideHeaders": true,
  "theme": "dark",
  "backgroundColor": "rgb(23,27,41)",
  "textColor": "",
  "timezoneOffset": 0,
  "useAudio": false,
  "audioVolume": 1,
  "audioFilters": {
    "PingPongDelay": true,
    "Compressor": false,
    "Delay": false,
    "HighPassFilter": true,
    "LowPassFilter": false
  },
  "settings": ["other", "workspaces", "chart", "stats", "counters", "audio"],
  "recentColors": [],
  "searchTypes": {
    "historical": false,
    "spots": true,
    "perpetuals": true,
    "futures": false,
    "normalize": true,
    "mergeUsdt": true
  },
  "searchExchanges": {},
  "favoriteTimeframes": {},
  "normalizeWatermarks": true
}
